name,position,Age,Nat.,Market value,club,Goals,Assists
Kylian Mbappé,Centre-Forward,22,France,£144.00m ,Paris Saint-Germain,9,12
Erling Haaland,Centre-Forward,21,Norway,£135.00m ,Borussia Dortmund,14,4
Harry Kane,Centre-Forward,28,England,£108.00m ,Tottenham Hotspur,8,2
Jack Grealish,Left Winger,26,England,£90.00m ,Manchester City,2,3
Mohamed Salah,Right Winger,29,Egypt,£90.00m ,Liverpool FC,17,7
Romelu Lukaku,Centre-Forward,28,Belgium,£90.00m ,Chelsea FC,4,1
Kevin De Bruyne,Attacking Midfield,30,Belgium,£90.00m ,Manchester City,3,1
Neymar,Left Winger,29,Brazil,£90.00m ,Paris Saint-Germain,3,3
Jadon Sancho,Left Winger,21,England,£81.00m ,Manchester United,2,0
Frenkie de Jong,Central Midfield,24,Netherlands,£81.00m ,FC Barcelona,1,2
Bruno Fernandes,Attacking Midfield,27,Portugal,£81.00m ,Manchester United,5,9
Joshua Kimmich,Defensive Midfield,26,Germany,£81.00m ,Bayern Munich,3,4
Raheem Sterling,Left Winger,26,England,£81.00m ,Manchester City,4,2
Marcus Rashford,Left Winger,24,England,£76.50m ,Manchester United,3,0
Sadio Mané,Left Winger,29,Senegal,£76.50m ,Liverpool FC,9,1
Heung-min Son,Left Winger,29,"Korea, South",£76.50m ,Tottenham Hotspur,5,2
Pedri,Central Midfield,19,Spain,£72.00m ,FC Barcelona,0,0
Phil Foden,Central Midfield,21,England,£72.00m ,Manchester City,5,4
Lautaro Martínez,Centre-Forward,24,Argentina,£72.00m ,Inter Milan,7,1
Marcos Llorente,Central Midfield,26,Spain,£72.00m ,Atlético de Madrid,0,0
Lionel Messi,Right Winger,34,Argentina,£72.00m ,Paris Saint-Germain,4,4
Mason Mount,Attacking Midfield,22,England,£67.50m ,Chelsea FC,3,2
Trent Alexander-Arnold,Right-Back,23,England,£67.50m ,Liverpool FC,1,10
Rúben Dias,Centre-Back,24,Portugal,£67.50m ,Manchester City,0,2
Marquinhos,Centre-Back,27,Brazil,£67.50m ,Paris Saint-Germain,3,1
Jude Bellingham,Central Midfield,18,England,£63.00m ,Borussia Dortmund,3,7
João Félix,Second Striker,22,Portugal,£63.00m ,Atlético de Madrid,1,2
Alphonso Davies,Left-Back,21,Canada,£63.00m ,Bayern Munich,0,5
Achraf Hakimi,Right-Back,23,Morocco,£63.00m ,Paris Saint-Germain,3,2
Declan Rice,Defensive Midfield,22,England,£63.00m ,West Ham United,3,3
Rodri,Defensive Midfield,25,Spain,£63.00m ,Manchester City,2,0
Mikel Oyarzabal,Left Winger,24,Spain,£63.00m ,Real Sociedad,6,1
Federico Chiesa,Right Winger,24,Italy,£63.00m ,Juventus FC,3,3
Matthijs de Ligt,Centre-Back,22,Netherlands,£63.00m ,Juventus FC,1,0
Kai Havertz,Attacking Midfield,22,Germany,£63.00m ,Chelsea FC,4,2
Sergej Milinković-Savić,Central Midfield,26,Serbia,£63.00m ,SS Lazio,4,4
Bernardo Silva,Attacking Midfield,27,Portugal,£63.00m ,Manchester City,4,2
Raphaël Varane,Centre-Back,28,France,£63.00m ,Manchester United,0,1
Serge Gnabry,Right Winger,26,Germany,£63.00m ,Bayern Munich,8,4
Leon Goretzka,Central Midfield,26,Germany,£63.00m ,Bayern Munich,2,2
Jan Oblak,Goalkeeper,28,Slovenia,£63.00m ,Atlético de Madrid,0,0
Casemiro,Defensive Midfield,29,Brazil,£63.00m ,Real Madrid,0,2
Florian Wirtz,Attacking Midfield,18,Germany,£58.50m ,Bayer 04 Leverkusen,8,9
Bukayo Saka,Left Midfield,20,England,£58.50m ,Arsenal FC,3,2
Federico Valverde,Central Midfield,23,Uruguay,£58.50m ,Real Madrid,0,1
Gianluigi Donnarumma,Goalkeeper,22,Italy,£58.50m ,Paris Saint-Germain,0,0
Nicolò Barella,Central Midfield,24,Italy,£58.50m ,Inter Milan,1,6
Andrew Robertson,Left-Back,27,Scotland,£58.50m ,Liverpool FC,0,3
Ansu Fati,Left Winger,19,Spain,£54.00m ,FC Barcelona,4,1
Jules Koundé,Centre-Back,23,France,£54.00m ,Sevilla FC,0,0
Victor Osimhen,Centre-Forward,22,Nigeria,£54.00m ,SSC Napoli,9,2
Gabriel Jesus,Centre-Forward,24,Brazil,£54.00m ,Manchester City,5,7
Dayot Upamecano,Centre-Back,23,France,£54.00m ,Bayern Munich,0,4
Alessandro Bastoni,Centre-Back,22,Italy,£54.00m ,Inter Milan,0,1
Wilfred Ndidi,Defensive Midfield,24,Nigeria,£54.00m ,Leicester City,1,0
José María Giménez,Centre-Back,26,Uruguay,£54.00m ,Atlético de Madrid,0,0
Fabinho,Defensive Midfield,28,Brazil,£54.00m ,Liverpool FC,1,1
Milan Skriniar,Centre-Back,26,Slovakia,£54.00m ,Inter Milan,3,0
Leroy Sané,Left Winger,25,Germany,£54.00m ,Bayern Munich,9,10
Paul Pogba,Central Midfield,28,France,£54.00m ,Manchester United,0,7
Thibaut Courtois,Goalkeeper,29,Belgium,£54.00m ,Real Madrid,0,0
Alisson,Goalkeeper,29,Brazil,£54.00m ,Liverpool FC,0,0
Koke,Central Midfield,29,Spain,£54.00m ,Atlético de Madrid,0,1
Robert Lewandowski,Centre-Forward,33,Poland,£54.00m ,Bayern Munich,25,2
Eduardo Camavinga,Central Midfield,19,France,£49.50m ,Real Madrid,2,1
Richarlison,Centre-Forward,24,Brazil,£49.50m ,Everton FC,2,1
Franck Kessié,Central Midfield,24,Cote d'Ivoire,£49.50m ,AC Milan,2,1
Youri Tielemans,Central Midfield,24,Belgium,£49.50m ,Leicester City,3,3
Kingsley Coman,Right Winger,25,France,£49.50m ,Bayern Munich,3,1
N'Golo Kanté,Defensive Midfield,30,France,£49.50m ,Chelsea FC,2,0
João Cancelo,Right-Back,27,Portugal,£49.50m ,Manchester City,2,6
Timo Werner,Centre-Forward,25,Germany,£49.50m ,Chelsea FC,3,1
Virgil van Dijk,Centre-Back,30,Netherlands,£49.50m ,Liverpool FC,1,1
Marco Verratti,Central Midfield,29,Italy,£49.50m ,Paris Saint-Germain,0,0
Marc-André ter Stegen,Goalkeeper,29,Germany,£49.50m ,FC Barcelona,0,0
David Alaba,Centre-Back,29,Austria,£49.50m ,Real Madrid,2,3
Jamal Musiala,Attacking Midfield,18,Germany,£45.00m ,Bayern Munich,4,4
Mason Greenwood,Right Winger,20,England,£45.00m ,Manchester United,4,1
Pau Torres,Centre-Back,24,Spain,£45.00m ,Villarreal CF,1,0
Ferran Torres,Right Winger,21,Spain,£45.00m ,Manchester City,3,1
Vinícius Júnior,Left Winger,21,Brazil,£45.00m ,Real Madrid,11,7
Dušan Vlahovic,Centre-Forward,21,Serbia,£45.00m ,ACF Fiorentina,15,4
Theo Hernández,Left-Back,24,France,£45.00m ,AC Milan,1,5
Christian Pulisic,Right Winger,23,United States,£45.00m ,Chelsea FC,2,0
James Maddison,Attacking Midfield,25,England,£45.00m ,Leicester City,3,4
Dani Olmo,Attacking Midfield,23,Spain,£45.00m ,RB Leipzig,0,1
Ferland Mendy,Left-Back,26,France,£45.00m ,Real Madrid,1,1
Ousmane Dembélé,Right Winger,24,France,£45.00m ,FC Barcelona,0,0
Ederson,Goalkeeper,28,Brazil,£45.00m ,Manchester City,0,0
Paulo Dybala,Second Striker,28,Argentina,£45.00m ,Juventus FC,6,4
Piotr Zielinski,Attacking Midfield,27,Poland,£45.00m ,SSC Napoli,5,2
Harry Maguire,Centre-Back,28,England,£45.00m ,Manchester United,1,0
Antoine Griezmann,Second Striker,30,France,£45.00m ,Atlético de Madrid,5,1
Stefan de Vrij,Centre-Back,29,Netherlands,£45.00m ,Inter Milan,1,0
Lorenzo Insigne,Left Winger,30,Italy,£43.20m ,SSC Napoli,5,6
Kalidou Koulibaly,Centre-Back,30,Senegal,£43.20m ,SSC Napoli,2,2
Christopher Nkunku,Attacking Midfield,24,France,£42.30m ,RB Leipzig,13,9
Reece James,Right-Back,21,England,£40.50m ,Chelsea FC,5,5
Tanguy Ndombélé,Central Midfield,24,France,£40.50m ,Tottenham Hotspur,2,0
Fabián Ruiz,Central Midfield,25,Spain,£40.50m ,SSC Napoli,4,3
Diogo Jota,Left Winger,24,Portugal,£40.50m ,Liverpool FC,8,3
Diego Carlos,Centre-Back,28,Brazil,£40.50m ,Sevilla FC,3,0
Caglar Söyüncü,Centre-Back,25,Turkey,£40.50m ,Leicester City,1,0
Hirving Lozano,Right Winger,26,Mexico,£40.50m ,SSC Napoli,3,4
Dominic Calvert-Lewin,Centre-Forward,24,England,£40.50m ,Everton FC,3,0
Lorenzo Pellegrini,Central Midfield,25,Italy,£40.50m ,AS Roma,8,3
Lucas Hernández,Centre-Back,25,France,£40.50m ,Bayern Munich,0,0
Aymeric Laporte,Centre-Back,27,Spain,£40.50m ,Manchester City,1,0
Memphis Depay,Centre-Forward,27,Netherlands,£40.50m ,FC Barcelona,8,2
Wilfried Zaha,Left Winger,29,Cote d'Ivoire,£40.50m ,Crystal Palace,4,1
Álvaro Morata,Centre-Forward,29,Spain,£40.50m ,Juventus FC,4,2
Jorginho,Defensive Midfield,29,Italy,£40.50m ,Chelsea FC,4,1
Mateo Kovacic,Central Midfield,27,Croatia,£40.50m ,Chelsea FC,1,5
Cristiano Ronaldo,Centre-Forward,36,Portugal,£40.50m ,Manchester United,11,2
Giovanni Reyna,Attacking Midfield,19,United States,£37.80m ,Borussia Dortmund,2,1
Moussa Diaby,Left Winger,22,France,£37.80m ,Bayer 04 Leverkusen,8,5
Tomas Soucek,Defensive Midfield,26,Czech Republic,£37.80m ,West Ham United,2,1
Rúben Neves,Defensive Midfield,24,Portugal,£37.80m ,Wolverhampton Wanderers,1,0
Luke Shaw,Left-Back,26,England,£37.80m ,Manchester United,0,2
Riyad Mahrez,Right Winger,30,Algeria,£37.80m ,Manchester City,8,2
Nuno Mendes,Left-Back,19,Portugal,£36.00m ,Paris Saint-Germain,0,1
Edmond Tapsoba,Centre-Back,22,Burkina Faso,£36.00m ,Bayer 04 Leverkusen,0,0
Aaron Wan-Bissaka,Right-Back,24,England,£36.00m ,Manchester United,0,0
Wesley Fofana,Centre-Back,20,France,£36.00m ,Leicester City,0,0
Youssef En-Nesyri,Centre-Forward,24,Morocco,£36.00m ,Sevilla FC,3,2
Éder Militão,Centre-Back,23,Brazil,£36.00m ,Real Madrid,0,1
Nicolò Zaniolo,Right Winger,22,Italy,£36.00m ,AS Roma,2,3
Carlos Soler,Central Midfield,24,Spain,£36.00m ,Valencia CF,6,2
Kalvin Phillips,Defensive Midfield,25,England,£36.00m ,Leeds United,1,1
Alexander Isak,Centre-Forward,22,Sweden,£36.00m ,Real Sociedad,6,1
Mikel Merino,Central Midfield,25,Spain,£36.00m ,Real Sociedad,3,2
Ben White,Centre-Back,24,England,£36.00m ,Arsenal FC,0,0
Martin Ødegaard,Attacking Midfield,22,Norway,£36.00m ,Arsenal FC,1,1
Fikayo Tomori,Centre-Back,23,England,£36.00m ,AC Milan,0,0
Presnel Kimpembe,Centre-Back,26,France,£36.00m ,Paris Saint-Germain,0,0
Ángel Correa,Second Striker,26,Argentina,£36.00m ,Atlético de Madrid,3,3
Rodrigo de Paul,Central Midfield,27,Argentina,£36.00m ,Atlético de Madrid,0,2
Thomas Partey,Defensive Midfield,28,Ghana,£36.00m ,Arsenal FC,1,0
Thomas Lemar,Attacking Midfield,26,France,£36.00m ,Atlético de Madrid,2,2
André Silva,Centre-Forward,26,Portugal,£36.00m ,RB Leipzig,7,5
Gerard Moreno,Centre-Forward,29,Spain,£36.00m ,Villarreal CF,3,1
Raphaël Guerreiro,Left-Back,27,Portugal,£36.00m ,Borussia Dortmund,3,1
Pierre-Emile Höjbjerg,Central Midfield,26,Denmark,£36.00m ,Tottenham Hotspur,3,1
Marcelo Brozovic,Defensive Midfield,29,Croatia,£36.00m ,Inter Milan,1,2
Saúl Ñíguez,Central Midfield,27,Spain,£36.00m ,Chelsea FC,0,1
Yannick Carrasco,Left Winger,28,Belgium,£36.00m ,Atlético de Madrid,2,3
Roberto Firmino,Centre-Forward,30,Brazil,£36.00m ,Liverpool FC,6,1
Luis Alberto,Central Midfield,29,Spain,£36.00m ,SS Lazio,2,4
Ilkay Gündogan,Central Midfield,31,Germany,£36.00m ,Manchester City,3,2
Ismaël Bennacer,Defensive Midfield,23,Algeria,£34.20m ,AC Milan,1,1
Tammy Abraham,Centre-Forward,24,England,£34.20m ,AS Roma,8,2
Ben Chilwell,Left-Back,24,England,£34.20m ,Chelsea FC,3,1
Hakim Ziyech,Attacking Midfield,28,Morocco,£34.20m ,Chelsea FC,2,3
Ciro Immobile,Centre-Forward,31,Italy,£34.20m ,SS Lazio,13,2
Jonathan David,Centre-Forward,21,Canada,£31.50m ,LOSC Lille,12,0
Pedro Neto,Left Winger,21,Portugal,£31.50m ,Wolverhampton Wanderers,0,0
Douglas Luiz,Defensive Midfield,23,Brazil,£31.50m ,Aston Villa,0,2
Lucas Paquetá,Attacking Midfield,24,Brazil,£31.50m ,Olympique Lyon,6,3
Dejan Kulusevski,Right Winger,21,Sweden,£31.50m ,Juventus FC,1,1
Amine Gouiri,Centre-Forward,21,France,£31.50m ,OGC Nice,10,6
Aurélien Tchouaméni,Defensive Midfield,21,France,£31.50m ,AS Monaco,2,0
Rodrygo,Right Winger,20,Brazil,£31.50m ,Real Madrid,2,2
Harvey Barnes,Left Midfield,23,England,£31.50m ,Leicester City,3,3
Houssem Aouar,Central Midfield,23,France,£31.50m ,Olympique Lyon,5,2
Leon Bailey,Left Winger,24,Jamaica,£31.50m ,Aston Villa,1,2
Moise Kean,Centre-Forward,21,Italy,£31.50m ,Juventus FC,2,0
Arthur,Central Midfield,25,Brazil,£31.50m ,Juventus FC,0,0
Ibrahima Konaté,Centre-Back,22,France,£31.50m ,Liverpool FC,0,0
Cristian Romero,Centre-Back,23,Argentina,£31.50m ,Tottenham Hotspur,0,0
Benjamin Pavard,Right-Back,25,France,£31.50m ,Bayern Munich,0,1
Nicolas Pépé,Right Winger,26,Cote d'Ivoire,£31.50m ,Arsenal FC,1,3
Emiliano Buendía,Right Winger,24,Argentina,£31.50m ,Aston Villa,1,1
Scott McTominay,Defensive Midfield,24,Scotland,£31.50m ,Manchester United,0,0
Marco Asensio,Right Winger,25,Spain,£31.50m ,Real Madrid,4,1
Mario Hermoso,Centre-Back,26,Spain,£31.50m ,Atlético de Madrid,0,1
Angeliño,Left Midfield,24,Spain,£31.50m ,RB Leipzig,0,5
Robin Gosens,Left Midfield,27,Germany,£31.50m ,Atalanta BC,2,1
Manuel Locatelli,Defensive Midfield,23,Italy,£31.50m ,Juventus FC,2,2
José Gayà,Left-Back,26,Spain,£31.50m ,Valencia CF,2,2
Andreas Christensen,Centre-Back,25,Denmark,£31.50m ,Chelsea FC,1,0
Anthony Martial,Centre-Forward,25,France,£31.50m ,Manchester United,1,0
Domenico Berardi,Right Winger,27,Italy,£31.50m ,US Sassuolo,7,4
Andrea Belotti,Centre-Forward,27,Italy,£31.50m ,Torino FC,2,1
Niklas Süle,Centre-Back,26,Germany,£31.50m ,Bayern Munich,0,1
Wissam Ben Yedder,Centre-Forward,31,France,£31.50m ,AS Monaco,9,3
Lucas Digne,Left-Back,28,France,£31.50m ,Everton FC,1,0
Emiliano Martínez,Goalkeeper,29,Argentina,£31.50m ,Aston Villa,0,0
Antonio Rüdiger,Centre-Back,28,Germany,£31.50m ,Chelsea FC,2,2
Mauro Icardi,Centre-Forward,28,Argentina,£31.50m ,Paris Saint-Germain,3,0
Ryan Gravenberch,Central Midfield,19,Netherlands,£29.70m ,Ajax Amsterdam,1,1
Jordan Veretout,Central Midfield,28,France,£29.70m ,AS Roma,4,4
Duván Zapata,Centre-Forward,30,Colombia,£29.70m ,Atalanta BC,11,6
Raphinha,Right Winger,24,Brazil,£28.80m ,Leeds United,5,0
Callum Hudson-Odoi,Right Winger,21,England,£28.80m ,Chelsea FC,2,2
Davinson Sánchez,Centre-Back,25,Colombia,£28.80m ,Tottenham Hotspur,0,0
Ollie Watkins,Centre-Forward,25,England,£28.80m ,Aston Villa,3,0
Naby Keïta,Central Midfield,26,Guinea,£28.80m ,Liverpool FC,3,1
Kieran Tierney,Left-Back,24,Scotland,£28.80m ,Arsenal FC,0,0
Ivan Toney,Centre-Forward,25,England,£28.80m ,Brentford FC,5,3
Ante Rebic,Left Winger,28,Croatia,£28.80m ,AC Milan,2,2
James Ward-Prowse,Central Midfield,27,England,£28.80m ,Southampton FC,2,2
Nathan Aké,Centre-Back,26,Netherlands,£28.80m ,Manchester City,1,0
Kurt Zouma,Centre-Back,27,France,£28.80m ,West Ham United,1,0
Marcel Sabitzer,Central Midfield,27,Austria,£28.80m ,Bayern Munich,0,0
Yéremy Pino,Right Winger,19,Spain,£27.00m ,Villarreal CF,5,5
Bryan Gil,Left Winger,20,Spain,£27.00m ,Tottenham Hotspur,0,3
Bruno Guimarães,Defensive Midfield,24,Brazil,£27.00m ,Olympique Lyon,0,5
Matheus Cunha,Centre-Forward,22,Brazil,£27.00m ,Atlético de Madrid,3,2
Edouard Mendy,Goalkeeper,29,Senegal,£27.00m ,Chelsea FC,0,0
Curtis Jones,Central Midfield,20,England,£27.00m ,Liverpool FC,1,4
Sergiño Dest,Right-Back,21,United States,£27.00m ,FC Barcelona,0,3
Rodrigo Bentancur,Central Midfield,24,Uruguay,£27.00m ,Juventus FC,0,3
Donyell Malen,Centre-Forward,22,Netherlands,£27.00m ,Borussia Dortmund,4,2
Jarrod Bowen,Right Winger,24,England,£27.00m ,West Ham United,3,5
Nikola Vlasic,Attacking Midfield,24,Croatia,£27.00m ,West Ham United,0,2
Manuel Akanji,Centre-Back,26,Switzerland,£27.00m ,Borussia Dortmund,0,0
Allan Saint-Maximin,Left Winger,24,France,£27.00m ,Newcastle United,3,3
Joan Jordán,Central Midfield,27,Spain,£27.00m ,Sevilla FC,1,1
Renato Sanches,Central Midfield,24,Portugal,£27.00m ,LOSC Lille,0,1
Gianluca Mancini,Centre-Back,25,Italy,£27.00m ,AS Roma,1,0
Joe Gomez,Centre-Back,24,England,£27.00m ,Liverpool FC,0,0
Tyrone Mings,Centre-Back,28,England,£27.00m ,Aston Villa,1,1
Wout Weghorst,Centre-Forward,29,Netherlands,£27.00m ,VfL Wolfsburg,6,1
Joaquín Correa,Second Striker,27,Argentina,£27.00m ,Inter Milan,4,1
Ricardo Pereira,Right-Back,28,Portugal,£27.00m ,Leicester City,0,2
Dele Alli,Attacking Midfield,25,England,£27.00m ,Tottenham Hotspur,2,1
Ruslan Malinovskyi,Attacking Midfield,28,Ukraine,£27.00m ,Atalanta BC,3,1
Adama Traoré,Right Winger,25,Spain,£27.00m ,Wolverhampton Wanderers,0,0
John McGinn,Central Midfield,27,Scotland,£27.00m ,Aston Villa,3,1
Lucas Ocampos,Left Winger,27,Argentina,£27.00m ,Sevilla FC,3,2
John Stones,Centre-Back,27,England,£27.00m ,Manchester City,0,0
Adrien Rabiot,Central Midfield,26,France,£27.00m ,Juventus FC,0,1
Leander Dendoncker,Defensive Midfield,26,Belgium,£27.00m ,Wolverhampton Wanderers,1,3
Matteo Politano,Right Winger,28,Italy,£27.00m ,SSC Napoli,2,4
Hakan Calhanoglu,Central Midfield,27,Turkey,£27.00m ,Inter Milan,4,4
Jesús Corona,Right Midfield,28,Mexico,£27.00m ,FC Porto,0,2
Luis Muriel,Centre-Forward,30,Colombia,£27.00m ,Atalanta BC,3,2
Kevin Volland,Centre-Forward,29,Germany,£27.00m ,AS Monaco,5,5
Thomas Müller,Second Striker,32,Germany,£27.00m ,Bayern Munich,6,14
Georginio Wijnaldum,Central Midfield,31,Netherlands,£27.00m ,Paris Saint-Germain,2,1
Toni Kroos,Central Midfield,31,Germany,£27.00m ,Real Madrid,2,2
Benoît Badiashile,Centre-Back,20,France,£25.20m ,AS Monaco,0,1
Maxence Lacroix,Centre-Back,21,France,£25.20m ,VfL Wolfsburg,0,0
Boubacar Kamara,Defensive Midfield,22,France,£25.20m ,Olympique Marseille,1,0
Emile Smith Rowe,Attacking Midfield,21,England,£25.20m ,Arsenal FC,6,2
Evan N'Dicka,Centre-Back,22,France,£25.20m ,Eintracht Frankfurt,1,1
Sven Botman,Centre-Back,21,Netherlands,£25.20m ,LOSC Lille,2,0
Boubakary Soumaré,Defensive Midfield,22,France,£25.20m ,Leicester City,0,1
Merih Demiral,Centre-Back,23,Turkey,£25.20m ,Atalanta BC,1,1
Marcus Thuram,Left Winger,24,France,£25.20m ,Borussia Mönchengladbach,0,0
Florian Neuhaus,Central Midfield,24,Germany,£25.20m ,Borussia Mönchengladbach,2,0
Aleksandr Golovin,Attacking Midfield,25,Russia,£25.20m ,AS Monaco,3,4
Timothy Castagne,Right-Back,25,Belgium,£25.20m ,Leicester City,0,0
Patrik Schick,Centre-Forward,25,Czech Republic,£25.20m ,Bayer 04 Leverkusen,8,2
Nélson Semedo,Right-Back,28,Portugal,£25.20m ,Wolverhampton Wanderers,0,0
Raúl Jiménez,Centre-Forward,30,Mexico,£25.20m ,Wolverhampton Wanderers,3,2
Oleksandr Zinchenko,Left-Back,24,Ukraine,£25.20m ,Manchester City,0,0
Kyle Walker,Right-Back,31,England,£25.20m ,Manchester City,1,0
Ismaïla Sarr,Right Winger,23,Senegal,£24.30m ,Watford FC,5,0
Sandro Tonali,Defensive Midfield,21,Italy,£24.30m ,AC Milan,2,7
Denis Zakaria,Defensive Midfield,25,Switzerland,£24.30m ,Borussia Mönchengladbach,2,1
Xaver Schlager,Central Midfield,24,Austria,£24.30m ,VfL Wolfsburg,0,1
Lukas Klostermann,Right-Back,25,Germany,£24.30m ,RB Leipzig,0,1
Sébastien Haller,Centre-Forward,27,Cote d'Ivoire,£24.30m ,Ajax Amsterdam,18,5
Matthias Ginter,Centre-Back,27,Germany,£24.30m ,Borussia Mönchengladbach,0,0
Thorgan Hazard,Left Winger,28,Belgium,£24.30m ,Borussia Dortmund,4,0
Jérémy Doku,Right Winger,19,Belgium,£23.40m ,Stade Rennais FC,1,0
Gabriel Barbosa,Centre-Forward,25,Brazil,£23.40m ,Clube de Regatas do Flamengo,0,0
Konrad Laimer,Central Midfield,24,Austria,£23.40m ,RB Leipzig,1,0
Emre Can,Defensive Midfield,27,Germany,£23.40m ,Borussia Dortmund,2,0
Leonardo Spinazzola,Left-Back,28,Italy,£23.40m ,AS Roma,0,0
Gavi,Central Midfield,17,Spain,£22.50m ,FC Barcelona,0,1
Ilaix Moriba,Central Midfield,18,Guinea,£22.50m ,RB Leipzig,0,0
Silas Katompa Mvumpa,Right Midfield,23,DR Congo,£22.50m ,VfB Stuttgart,0,0
Antony,Right Winger,21,Brazil,£22.50m ,Ajax Amsterdam,4,6
Roger Ibañez,Centre-Back,23,Brazil,£22.50m ,AS Roma,3,0
Fábio Silva,Centre-Forward,19,Portugal,£22.50m ,Wolverhampton Wanderers,3,5
Lisandro Martínez,Centre-Back,23,Argentina,£22.50m ,Ajax Amsterdam,0,4
Luis Díaz,Left Midfield,24,Colombia,£22.50m ,FC Porto,12,2
Ronald Araújo,Centre-Back,22,Uruguay,£22.50m ,FC Barcelona,1,0
Renan Lodi,Left-Back,23,Brazil,£22.50m ,Atlético de Madrid,0,1
Emerson Royal,Right-Back,22,Brazil,£22.50m ,Tottenham Hotspur,0,0
Dominik Szoboszlai,Left Winger,21,Hungary,£22.50m ,RB Leipzig,6,3
Charles De Ketelaere,Centre-Forward,20,Belgium,£22.50m ,Club Brugge KV,5,5
Gabriel,Centre-Back,23,Brazil,£22.50m ,Arsenal FC,1,0
Pedro Gonçalves,Right Winger,23,Portugal,£22.50m ,Sporting CP,11,3
Nikola Milenkovic,Centre-Back,24,Serbia,£22.50m ,ACF Fiorentina,2,0
Ezri Konsa,Centre-Back,24,England,£22.50m ,Aston Villa,0,0
Yves Bissouma,Central Midfield,25,Mali,£22.50m ,Brighton & Hove Albion,0,1
Maxi Gómez,Centre-Forward,25,Uruguay,£22.50m ,Valencia CF,1,1
Rafael Leão,Left Winger,22,Portugal,£22.50m ,AC Milan,5,3
Daichi Kamada,Attacking Midfield,25,Japan,£22.50m ,Eintracht Frankfurt,3,1
Arnaut Danjuma,Left Winger,24,Netherlands,£22.50m ,Villarreal CF,7,3
André Zambo Anguissa,Defensive Midfield,26,Cameroon,£22.50m ,SSC Napoli,0,0
Robin Le Normand,Centre-Back,25,France,£22.50m ,Real Sociedad,0,0
Nordi Mukiele,Right-Back,24,France,£22.50m ,RB Leipzig,2,1
Ben Godfrey,Centre-Back,23,England,£22.50m ,Everton FC,0,0
Noa Lang,Left Winger,22,Netherlands,£22.50m ,Club Brugge KV,5,7
Weston McKennie,Central Midfield,23,United States,£22.50m ,Juventus FC,2,0
Ridle Baku,Right Midfield,23,Germany,£22.50m ,VfL Wolfsburg,4,1
Jonathan Ikoné,Right Winger,23,France,£22.50m ,LOSC Lille,2,0
Jonathan Bamba,Left Winger,25,France,£22.50m ,LOSC Lille,0,1
Saïd Benrahma,Left Winger,26,Algeria,£22.50m ,West Ham United,6,3
Donny van de Beek,Central Midfield,24,Netherlands,£22.50m ,Manchester United,1,0
Sergio Reguilón,Left-Back,24,Spain,£22.50m ,Tottenham Hotspur,1,2
Jason Denayer,Centre-Back,26,Belgium,£22.50m ,Olympique Lyon,2,1
Viktor Tsygankov,Right Winger,24,Ukraine,£22.50m ,Dynamo Kyiv,10,3
Davide Calabria,Right-Back,24,Italy,£22.50m ,AC Milan,2,1
Daniel Podence,Right Winger,26,Portugal,£22.50m ,Wolverhampton Wanderers,2,2
Iñaki Williams,Centre-Forward,27,Spain,£22.50m ,Athletic Bilbao,3,1
Jan Bednarek,Centre-Back,25,Poland,£22.50m ,Southampton FC,0,0
Abdou Diallo,Left-Back,25,Senegal,£22.50m ,Paris Saint-Germain,0,1
Thilo Kehrer,Centre-Back,25,Germany,£22.50m ,Paris Saint-Germain,0,0
Gonçalo Guedes,Left Winger,25,Portugal,£22.50m ,Valencia CF,3,4
Nabil Fekir,Attacking Midfield,28,France,£22.50m ,Real Betis Balompié,3,4
Nico Elvedi,Centre-Back,25,Switzerland,£22.50m ,Borussia Mönchengladbach,0,1
Mike Maignan,Goalkeeper,26,France,£22.50m ,AC Milan,0,0
Sardar Azmoun,Centre-Forward,26,Iran,£22.50m ,Zenit St. Petersburg,9,4
James Tarkowski,Centre-Back,29,England,£22.50m ,Burnley FC,1,2
Iñigo Martínez,Centre-Back,30,Spain,£22.50m ,Athletic Bilbao,2,0
Remo Freuler,Central Midfield,29,Switzerland,£22.50m ,Atalanta BC,1,1
Lewis Dunk,Centre-Back,30,England,£22.50m ,Brighton & Hove Albion,0,0
Daniel Carvajal,Right-Back,29,Spain,£22.50m ,Real Madrid,1,0
Jordan Pickford,Goalkeeper,27,England,£22.50m ,Everton FC,0,0
Conor Coady,Centre-Back,28,England,£22.50m ,Wolverhampton Wanderers,1,0
Abdoulaye Doucouré,Central Midfield,28,France,£22.50m ,Everton FC,2,4
Michael Keane,Centre-Back,28,England,£22.50m ,Everton FC,1,2
Stefan Savic,Centre-Back,30,Montenegro,£22.50m ,Atlético de Madrid,0,0
Lucas Moura,Right Winger,29,Brazil,£22.50m ,Tottenham Hotspur,2,3
Pablo Sarabia,Right Winger,29,Spain,£22.50m ,Sporting CP,4,4
Thiago,Central Midfield,30,Spain,£22.50m ,Liverpool FC,2,1
Pierre-Emerick Aubameyang,Centre-Forward,32,Gabon,£22.50m ,Arsenal FC,7,2
Eden Hazard,Left Winger,30,Belgium,£22.50m ,Real Madrid,0,1
Karim Benzema,Centre-Forward,33,France,£22.50m ,Real Madrid,16,8
Nicolás González,Left Winger,23,Argentina,£21.60m ,ACF Fiorentina,3,3
Amadou Haidara,Central Midfield,23,Mali,£21.60m ,RB Leipzig,3,0
Rafa Silva,Right Winger,28,Portugal,£21.60m ,SL Benfica,9,5
Otávio,Attacking Midfield,26,Portugal,£21.60m ,FC Porto,3,6
Victor Lindelöf,Centre-Back,27,Sweden,£21.60m ,Manchester United,0,2
Giovanni Di Lorenzo,Right-Back,28,Italy,£21.60m ,SSC Napoli,1,2
Odilon Kossounou,Centre-Back,20,Cote d'Ivoire,£20.70m ,Bayer 04 Leverkusen,0,2
Rayan Cherki,Attacking Midfield,18,France,£20.70m ,Olympique Lyon,8,3
Brahim Díaz,Attacking Midfield,22,Spain,£20.70m ,AC Milan,4,2
Mario Pasalic,Central Midfield,26,Croatia,£20.70m ,Atalanta BC,5,7
Marten de Roon,Defensive Midfield,30,Netherlands,£20.70m ,Atalanta BC,1,0
Andrej Kramaric,Second Striker,30,Croatia,£20.70m ,TSG 1899 Hoffenheim,4,7
Gabriel Martinelli,Left Winger,20,Brazil,£19.80m ,Arsenal FC,2,1
Dwight McNeil,Left Winger,22,England,£19.80m ,Burnley FC,0,1
Max Aarons,Right-Back,21,England,£19.80m ,Norwich City,0,1
David Neres,Right Winger,24,Brazil,£19.80m ,Ajax Amsterdam,3,2
Mattéo Guendouzi,Central Midfield,22,France,£19.80m ,Olympique Marseille,3,3
Cody Gakpo,Left Winger,22,Netherlands,£19.80m ,PSV Eindhoven,7,8
Matty Cash,Right-Back,24,Poland,£19.80m ,Aston Villa,1,1
Francisco Trincão,Right Winger,21,Portugal,£19.80m ,Wolverhampton Wanderers,1,0
Marash Kumbulla,Centre-Back,21,Albania,£19.80m ,AS Roma,0,0
Sasa Kalajdzic,Centre-Forward,24,Austria,£19.80m ,VfB Stuttgart,0,0
Patson Daka,Centre-Forward,23,Zambia,£19.80m ,Leicester City,6,1
Giovani Lo Celso,Central Midfield,25,Argentina,£19.80m ,Tottenham Hotspur,1,1
Guido Rodríguez,Defensive Midfield,27,Argentina,£19.80m ,Real Betis Balompié,0,2
Joe Willock,Central Midfield,22,England,£19.80m ,Newcastle United,0,0
Todd Cantwell,Left Midfield,23,England,£19.80m ,Norwich City,1,0
Christoph Baumgartner,Attacking Midfield,22,Austria,£19.80m ,TSG 1899 Hoffenheim,3,1
Malcom,Right Winger,24,Brazil,£19.80m ,Zenit St. Petersburg,3,6
Orel Mangala,Defensive Midfield,23,Belgium,£19.80m ,VfB Stuttgart,1,2
Ramy Bensebaini,Left-Back,26,Algeria,£19.80m ,Borussia Mönchengladbach,2,1
Steven Bergwijn,Left Winger,24,Netherlands,£19.80m ,Tottenham Hotspur,0,1
Kasper Dolberg,Centre-Forward,24,Denmark,£19.80m ,OGC Nice,3,0
Paul Onuachu,Centre-Forward,27,Nigeria,£19.80m ,KRC Genk,12,0
Joachim Andersen,Centre-Back,25,Denmark,£19.80m ,Crystal Palace,0,1
Dean Henderson,Goalkeeper,24,England,£19.80m ,Manchester United,0,0
Alex Iwobi,Left Winger,25,Nigeria,£19.80m ,Everton FC,2,1
Jonathan Tah,Centre-Back,25,Germany,£19.80m ,Bayer 04 Leverkusen,0,2
Alejandro Grimaldo,Left-Back,26,Spain,£19.80m ,SL Benfica,3,4
Fred,Central Midfield,28,Brazil,£19.80m ,Manchester United,1,0
Patrick Bamford,Centre-Forward,28,England,£19.80m ,Leeds United,1,3
Eric Dier,Centre-Back,27,England,£19.80m ,Tottenham Hotspur,0,0
Leandro Paredes,Defensive Midfield,27,Argentina,£19.80m ,Paris Saint-Germain,0,1
Berat Djimsiti,Centre-Back,28,Albania,£19.80m ,Atalanta BC,0,1
Jesse Lingard,Attacking Midfield,28,England,£19.80m ,Manchester United,2,1
Danny Ings,Centre-Forward,29,England,£19.80m ,Aston Villa,3,2
Allan,Central Midfield,30,Brazil,£19.80m ,Everton FC,0,1
Callum Wilson,Centre-Forward,29,England,£19.80m ,Newcastle United,4,0
Granit Xhaka,Defensive Midfield,29,Switzerland,£19.80m ,Arsenal FC,0,0
Alexandre Lacazette,Centre-Forward,30,France,£19.80m ,Arsenal FC,3,1
João Palhinha,Defensive Midfield,26,Portugal,£18.90m ,Sporting CP,2,0
Yussuf Poulsen,Centre-Forward,27,Denmark,£18.90m ,RB Leipzig,4,3
Thiago Almada,Attacking Midfield,20,Argentina,£18.00m ,Club Atlético Vélez Sarsfield,4,4
Julián Álvarez,Centre-Forward,21,Argentina,£18.00m ,Club Atlético River Plate,17,6
Sofiane Diop,Attacking Midfield,21,France,£18.00m ,AS Monaco,8,7
Pape Sarr,Defensive Midfield,19,Senegal,£18.00m ,FC Metz,0,1
Pedro Porro,Right-Back,22,Spain,£18.00m ,Sporting CP,3,2
Darwin Núñez,Centre-Forward,22,Uruguay,£18.00m ,SL Benfica,11,2
Illan Meslier,Goalkeeper,21,France,£18.00m ,Leeds United,0,0
Mikkel Damsgaard,Left Winger,21,Denmark,£18.00m ,UC Sampdoria,0,0
Karim Adeyemi,Centre-Forward,19,Germany,£18.00m ,Red Bull Salzburg,15,2
Enock Mwepu,Central Midfield,23,Zambia,£18.00m ,Brighton & Hove Albion,2,2
Musa Barrow,Centre-Forward,23,The Gambia,£18.00m ,Bologna FC 1909,4,4
Eberechi Eze,Attacking Midfield,23,England,£18.00m ,Crystal Palace,0,0
Eric García,Centre-Back,20,Spain,£18.00m ,FC Barcelona,0,0
Aaron Ramsdale,Goalkeeper,23,England,£18.00m ,Arsenal FC,0,0
Martín Zubimendi,Defensive Midfield,22,Spain,£18.00m ,Real Sociedad,0,1
Samuel Chukwueze,Right Winger,22,Nigeria,£18.00m ,Villarreal CF,2,0
Dodô,Right-Back,23,Brazil,£18.00m ,Shakhtar Donetsk,0,4
Manor Solomon,Left Winger,22,Israel,£18.00m ,Shakhtar Donetsk,3,2
Marc Guehi,Centre-Back,21,England,£18.00m ,Crystal Palace,3,0
Hamed Junior Traorè,Attacking Midfield,21,Cote d'Ivoire,£18.00m ,US Sassuolo,1,2
Yusuf Yazici,Attacking Midfield,24,Turkey,£18.00m ,LOSC Lille,1,1
Tetê,Right Winger,21,Brazil,£18.00m ,Shakhtar Donetsk,9,2
Pablo Fornals,Attacking Midfield,25,Spain,£18.00m ,West Ham United,4,2
Alfonso Pedraza,Left-Back,25,Spain,£18.00m ,Villarreal CF,0,2
Igor Zubeldia,Centre-Back,24,Spain,£18.00m ,Real Sociedad,0,2
Mason Holgate,Centre-Back,25,England,£18.00m ,Everton FC,0,0
Ché Adams,Centre-Forward,25,Scotland,£18.00m ,Southampton FC,3,1
Gerson,Central Midfield,24,Brazil,£18.00m ,Olympique Marseille,1,2
Tyler Adams,Defensive Midfield,22,United States,£18.00m ,RB Leipzig,0,0
Matteo Pessina,Attacking Midfield,24,Italy,£18.00m ,Atalanta BC,1,0
Takehiro Tomiyasu,Right-Back,23,Japan,£18.00m ,Arsenal FC,0,1
Jeff Reine-Adélaïde,Attacking Midfield,23,France,£18.00m ,Olympique Lyon,0,0
Dani Ceballos,Central Midfield,25,Spain,£18.00m ,Real Madrid,0,0
Nahitan Nández,Right Midfield,25,Uruguay,£18.00m ,Cagliari Calcio,0,2
Gaetano Castrovilli,Central Midfield,24,Italy,£18.00m ,ACF Fiorentina,0,1
Kelechi Iheanacho,Centre-Forward,25,Nigeria,£18.00m ,Leicester City,3,5
Mauro Arambarri,Central Midfield,26,Uruguay,£18.00m ,Getafe CF,0,2
Yerry Mina,Centre-Back,27,Colombia,£18.00m ,Everton FC,0,0
Marc Cucurella,Left-Back,23,Spain,£18.00m ,Brighton & Hove Albion,0,1
Unai Simón,Goalkeeper,24,Spain,£18.00m ,Athletic Bilbao,0,0
Luka Jovic,Centre-Forward,23,Serbia,£18.00m ,Real Madrid,2,1
Alex Telles,Left-Back,28,Brazil,£18.00m ,Manchester United,1,0
Yeray Álvarez,Centre-Back,26,Spain,£18.00m ,Athletic Bilbao,0,0
Zeki Celik,Right-Back,24,Turkey,£18.00m ,LOSC Lille,0,0
Harry Winks,Defensive Midfield,25,England,£18.00m ,Tottenham Hotspur,0,1
Diego Llorente,Centre-Back,28,Spain,£18.00m ,Leeds United,1,0
Juan Musso,Goalkeeper,27,Argentina,£18.00m ,Atalanta BC,0,0
Moussa Dembélé,Centre-Forward,25,France,£18.00m ,Olympique Lyon,4,1
André Gomes,Central Midfield,28,Portugal,£18.00m ,Everton FC,0,1
Neal Maupay,Centre-Forward,25,France,£18.00m ,Brighton & Hove Albion,4,0
Jérémie Boga,Left Winger,24,Cote d'Ivoire,£18.00m ,US Sassuolo,0,3
Álex Remiro,Goalkeeper,26,Spain,£18.00m ,Real Sociedad,0,0
Bryan Cristante,Central Midfield,26,Italy,£18.00m ,AS Roma,2,1
Alessio Romagnoli,Centre-Back,26,Italy,£18.00m ,AC Milan,1,0
Julian Weigl,Defensive Midfield,26,Germany,£18.00m ,SL Benfica,3,5
Arkadiusz Milik,Centre-Forward,27,Poland,£18.00m ,Olympique Marseille,4,0
Héctor Bellerín,Right-Back,26,Spain,£18.00m ,Real Betis Balompié,0,3
Julian Brandt,Attacking Midfield,25,Germany,£18.00m ,Borussia Dortmund,2,4
Tiemoué Bakayoko,Defensive Midfield,27,France,£18.00m ,AC Milan,0,0
Filip Kostic,Left Midfield,29,Serbia,£18.00m ,Eintracht Frankfurt,3,7
Danilo,Right-Back,30,Brazil,£18.00m ,Juventus FC,0,1
Bertrand Traoré,Right Winger,26,Burkina Faso,£18.00m ,Aston Villa,0,0
Erik Lamela,Right Winger,29,Argentina,£18.00m ,Sevilla FC,4,2
Emil Forsberg,Left Winger,30,Sweden,£18.00m ,RB Leipzig,6,1
Portu,Right Winger,29,Spain,£18.00m ,Real Sociedad,0,1
Kieran Trippier,Right-Back,31,England,£18.00m ,Atlético de Madrid,0,0
James Rodríguez,Attacking Midfield,30,Colombia,£18.00m ,Al-Rayyan SC,1,1
Julian Draxler,Left Winger,28,Germany,£18.00m ,Paris Saint-Germain,2,2
Philippe Coutinho,Attacking Midfield,29,Brazil,£18.00m ,FC Barcelona,2,0
Alex Sandro,Left-Back,30,Brazil,£18.00m ,Juventus FC,1,1
Sergio Canales,Attacking Midfield,30,Spain,£18.00m ,Real Betis Balompié,2,3
Jordan Henderson,Central Midfield,31,England,£18.00m ,Liverpool FC,2,3
Ángel Di María,Right Winger,33,Argentina,£18.00m ,Paris Saint-Germain,3,3
Josko Gvardiol,Centre-Back,19,Croatia,£17.10m ,RB Leipzig,0,2
Joakim Maehle,Right-Back,24,Denmark,£17.10m ,Atalanta BC,0,0
Maximilian Arnold,Central Midfield,27,Germany,£17.10m ,VfL Wolfsburg,1,2
Mohamed Simakan,Centre-Back,21,France,£16.20m ,RB Leipzig,0,0
Rayan Aït Nouri,Left-Back,20,France,£16.20m ,Wolverhampton Wanderers,0,2
Amad Diallo,Right Winger,19,Cote d'Ivoire,£16.20m ,Manchester United,2,1
Tariq Lamptey,Right-Back,21,England,£16.20m ,Brighton & Hove Albion,0,0
Noni Madueke,Right Winger,19,England,£16.20m ,PSV Eindhoven,6,1
Khvicha Kvaratskhelia,Left Winger,20,Georgia,£16.20m ,Rubin Kazan,1,3
Wendel,Central Midfield,24,Brazil,£16.20m ,Zenit St. Petersburg,4,2
William Saliba,Centre-Back,20,France,£16.20m ,Olympique Marseille,0,0
Marcos Senesi,Centre-Back,24,Argentina,£16.20m ,Feyenoord Rotterdam,0,3
Youssoufa Moukoko,Centre-Forward,17,Germany,£16.20m ,Borussia Dortmund,3,1
Luiz Felipe,Centre-Back,24,Brazil,£16.20m ,SS Lazio,0,0
Nicolás De La Cruz,Central Midfield,24,Uruguay,£16.20m ,Club Atlético River Plate,4,1
Ryan Sessegnon,Left-Back,21,England,£16.20m ,Tottenham Hotspur,0,0
Axel Disasi,Centre-Back,23,France,£16.20m ,AS Monaco,1,0
Alexis Saelemaekers,Right Winger,22,Belgium,£16.20m ,AC Milan,0,2
Yangel Herrera,Central Midfield,23,Venezuela,£16.20m ,RCD Espanyol Barcelona,1,0
Cengiz Ünder,Right Winger,24,Turkey,£16.20m ,Olympique Marseille,5,0
Kyle Walker-Peters,Right-Back,24,England,£16.20m ,Southampton FC,1,1
Noussair Mazraoui,Right-Back,24,Morocco,£16.20m ,Ajax Amsterdam,4,3
Umar Sadiq,Centre-Forward,24,Nigeria,£16.20m ,UD Almería,7,7
Sander Berge,Defensive Midfield,23,Norway,£16.20m ,Sheffield United,1,0
Manuel Lazzari,Right Midfield,28,Italy,£16.20m ,SS Lazio,1,0
Éverton,Left Winger,25,Brazil,£16.20m ,SL Benfica,4,4
Daniel James,Left Winger,24,Wales,£16.20m ,Leeds United,1,1
Lucas Torreira,Defensive Midfield,25,Uruguay,£16.20m ,ACF Fiorentina,0,0
Tom Davies,Central Midfield,23,England,£16.20m ,Everton FC,1,1
Renato Tapia,Defensive Midfield,26,Peru,£16.20m ,Celta de Vigo,0,0
David Raya,Goalkeeper,26,Spain,£16.20m ,Brentford FC,0,0
Gregor Kobel,Goalkeeper,23,Switzerland,£16.20m ,Borussia Dortmund,0,0
Wilmar Barrios,Defensive Midfield,28,Colombia,£16.20m ,Zenit St. Petersburg,0,1
Gelson Martins,Right Winger,26,Portugal,£16.20m ,AS Monaco,3,1
Rob Holding,Centre-Back,26,England,£16.20m ,Arsenal FC,0,0
Adam Armstrong,Centre-Forward,24,England,£16.20m ,Southampton FC,2,3
Giorgian de Arrascaeta,Attacking Midfield,27,Uruguay,£16.20m ,Clube de Regatas do Flamengo,0,0
Ayoze Pérez,Second Striker,28,Spain,£16.20m ,Leicester City,1,3
Alex Meret,Goalkeeper,24,Italy,£16.20m ,SSC Napoli,0,0
Duje Caleta-Car,Centre-Back,25,Croatia,£16.20m ,Olympique Marseille,0,0
Aritz Elustondo,Centre-Back,27,Spain,£16.20m ,Real Sociedad,3,1
